model,r2,mae,mse,mape
OneNeuron_LR,0.6929258601451077,114.14732682077508,31404.81942931799,0.11956011143635681
SDNN,0.6827804818457499,119.02711446661698,32442.398737311865,0.12894108291526987
