,model,library,MSE,MAE,MAPE
0,baseline,Keras,46363.15625,140.3988037109375,14.13140869140625
1,baseline,Sklearn,46363.15476190476,140.39880952380952,0.13083412121924728
2,DenseLinear,Keras,33040.0625,121.99846649169922,13.007387161254883
3,DenseLinear,Sklearn,59858.81640625,165.0299072265625,0.17544502019882202
4,LSTM,Sklearn,62974.53515625,158.1042022705078,0.18132193386554718
5,LSTM,Keras,39110.97265625,127.45394134521484,13.97280502319336
