,MAE,MSE,MAPE
XGBoost,110.29688784950658,32241.559218366227,0.11789287182163713
