,MAE,MSE,MAPE
XGBoost,112.91296607569645,34190.65322461553,0.12697553759009647
